Code,Name,Company,Board,Sector,Date,52WeekHigh,52WeekLow,Open,High,Low,Last,Chg,ChgPercent,Volume,Total News,Sum_Compound,PriceLabel
2488,ABMB,ALLIANCE BANK MALAYSIA BERHAD,MAIN,Banking,1/3/2019,4.49,3.76,4.05,4.26,4.05,4.2,0.24,6.06,34998,2,-0.0184,Increase
5185,AFFIN,AFFIN BANK BERHAD,MAIN,Banking,1/3/2019,2.63,2.18,2.3,2.31,2.28,2.28,-0.04,-1.72,1384,,,No Change/Decrease
1015,AMBANK,AMMB HOLDINGS BERHAD,MAIN,Banking,1/3/2019,4.59,3.4,4.47,4.51,4.42,4.5,0.03,0.67,28821,,,Increase
5258,BIMB,BIMB HOLDINGS BERHAD,MAIN,Banking,1/3/2019,4.36,3.4,4.24,4.3,4.22,4.25,0,0,21076,,,No Change/Decrease
1023,CIMB,CIMB GROUP HOLDINGS BERHAD,MAIN,Banking,1/3/2019,7.36,5.21,5.84,5.85,5.65,5.68,-0.17,-2.91,194543,,,No Change/Decrease
5819,HLBANK,HONG LEONG BANK BERHAD,MAIN,Banking,1/3/2019,21.66,17.56,21.22,21.3,21.12,21.28,0,0,17622,,,No Change/Decrease
1082,HLFG,HONG LEONG FINANCIAL GROUP BERHAD,MAIN,Banking,1/3/2019,20.4,17.38,19.6,19.72,19.52,19.56,-0.14,-0.71,4225,1,-0.4767,No Change/Decrease
1155,MAYBANK,MALAYAN BANKING BERHAD,MAIN,Banking,1/3/2019,11.08,8.68,9.58,9.58,9.51,9.53,0,0,159945,,,No Change/Decrease
1295,PBBANK,PUBLIC BANK BERHAD,MAIN,Banking,1/3/2019,26.16,22.34,25.04,25.08,25,25.02,0.02,0.08,52920,,,Increase
1066,RHBBANK,RHB BANK BERHAD,MAIN,Banking,1/3/2019,5.88,4.99,5.66,5.83,5.66,5.69,0.03,0.53,59293,,,Increase
2488,ABMB,ALLIANCE BANK MALAYSIA BERHAD,MAIN,Banking,1/4/2019,4.49,3.76,4.09,4.09,4.01,4.01,-0.08,-1.96,3948,1,-0.2732,No Change/Decrease
5185,AFFIN,AFFIN BANK BERHAD,MAIN,Banking,1/4/2019,2.63,2.18,2.21,2.21,2.19,2.2,0,0,572,2,-0.655,No Change/Decrease
1015,AMBANK,AMMB HOLDINGS BERHAD,MAIN,Banking,1/4/2019,4.64,3.4,4.51,4.57,4.42,4.45,-0.11,-2.41,20422,3,-1.6868,No Change/Decrease
5258,BIMB,BIMB HOLDINGS BERHAD,MAIN,Banking,1/4/2019,4.44,3.4,4.32,4.44,4.3,4.41,0.1,2.32,13225,2,-0.3522,Increase
1023,CIMB,CIMB GROUP HOLDINGS BERHAD,MAIN,Banking,1/4/2019,7.36,5.04,5.15,5.17,5.08,5.08,-0.07,-1.36,95992,,,No Change/Decrease
5819,HLBANK,HONG LEONG BANK BERHAD,MAIN,Banking,1/4/2019,21.66,17.56,20.46,20.46,19.9,19.98,-0.32,-1.58,15333,,,No Change/Decrease
1082,HLFG,HONG LEONG FINANCIAL GROUP BERHAD,MAIN,Banking,1/4/2019,20.4,17.38,19.2,19.2,18.96,18.96,-0.22,-1.15,2189,2,-0.3046,No Change/Decrease
1155,MAYBANK,MALAYAN BANKING BERHAD,MAIN,Banking,1/4/2019,11.08,8.68,9.28,9.29,9.19,9.2,-0.07,-0.76,100003,,,No Change/Decrease
1295,PBBANK,PUBLIC BANK BERHAD,MAIN,Banking,1/4/2019,26.16,22.28,23.26,23.32,22.28,22.48,-0.68,-2.94,102890,,,No Change/Decrease
1066,RHBBANK,RHB BANK BERHAD,MAIN,Banking,1/4/2019,5.94,4.99,5.74,5.74,5.6,5.62,-0.08,-1.4,19277,3,-0.3458,No Change/Decrease
2488,ABMB,ALLIANCE BANK MALAYSIA BERHAD,MAIN,Banking,2/4/2019,4.49,3.76,4.03,4.06,4,4,-0.01,-0.25,4895,1,0,No Change/Decrease
5185,AFFIN,AFFIN BANK BERHAD,MAIN,Banking,2/4/2019,2.63,2.18,2.2,2.22,2.19,2.19,-0.01,-0.45,631,2,0.7218,No Change/Decrease
1015,AMBANK,AMMB HOLDINGS BERHAD,MAIN,Banking,2/4/2019,4.64,3.4,4.49,4.5,4.42,4.45,0,0,19479,6,0.4983,No Change/Decrease
5258,BIMB,BIMB HOLDINGS BERHAD,MAIN,Banking,2/4/2019,4.45,3.4,4.41,4.45,4.38,4.4,-0.01,-0.23,21103,2,0.3818,No Change/Decrease
1023,CIMB,CIMB GROUP HOLDINGS BERHAD,MAIN,Banking,2/4/2019,7.36,5.04,5.1,5.13,5.09,5.12,0.04,0.79,72807,,,Increase
5819,HLBANK,HONG LEONG BANK BERHAD,MAIN,Banking,2/4/2019,21.66,17.56,20.22,20.3,20,20.06,0.08,0.4,1904,3,0.7218,Increase
1082,HLFG,HONG LEONG FINANCIAL GROUP BERHAD,MAIN,Banking,2/4/2019,20.4,17.38,19.02,19.18,18.96,18.98,0.02,0.11,1760,1,0,Increase
1155,MAYBANK,MALAYAN BANKING BERHAD,MAIN,Banking,2/4/2019,11.08,8.68,9.27,9.29,9.22,9.25,0.05,0.54,92756,1,-0.296,Increase
1295,PBBANK,PUBLIC BANK BERHAD,MAIN,Banking,2/4/2019,26.16,22.28,22.5,22.88,22.5,22.7,0.22,0.98,68593,,,Increase
1066,RHBBANK,RHB BANK BERHAD,MAIN,Banking,2/4/2019,5.94,4.99,5.63,5.69,5.62,5.65,0.03,0.53,48074,6,0.8288,Increase
2488,ABMB,ALLIANCE BANK MALAYSIA BERHAD,MAIN,Banking,3/4/2019,4.49,3.76,4.03,4.08,4.02,4.08,0.08,2,5816,,,Increase
5185,AFFIN,AFFIN BANK BERHAD,MAIN,Banking,3/4/2019,2.63,2.18,2.19,2.2,2.19,2.19,0,0,194,2,0.8974,No Change/Decrease
1015,AMBANK,AMMB HOLDINGS BERHAD,MAIN,Banking,3/4/2019,4.64,3.4,4.44,4.46,4.42,4.46,0.01,0.22,44493,1,0.296,Increase
5258,BIMB,BIMB HOLDINGS BERHAD,MAIN,Banking,3/4/2019,4.45,3.4,4.43,4.43,4.32,4.4,0,0,9597,1,0,No Change/Decrease
1023,CIMB,CIMB GROUP HOLDINGS BERHAD,MAIN,Banking,3/4/2019,7.36,5.04,5.12,5.14,5.09,5.12,0,0,48534,,,No Change/Decrease
5819,HLBANK,HONG LEONG BANK BERHAD,MAIN,Banking,3/4/2019,21.66,17.56,20.28,20.46,19.92,20.04,-0.02,-0.1,2389,4,0.7202,No Change/Decrease
1082,HLFG,HONG LEONG FINANCIAL GROUP BERHAD,MAIN,Banking,3/4/2019,20.4,17.38,19.08,19.24,19,19.06,0.08,0.42,1106,2,0.468,Increase
1155,MAYBANK,MALAYAN BANKING BERHAD,MAIN,Banking,3/4/2019,11.08,8.68,9.29,9.29,9.24,9.24,-0.01,-0.11,81291,7,0.8628,No Change/Decrease
1295,PBBANK,PUBLIC BANK BERHAD,MAIN,Banking,3/4/2019,26.16,22.28,22.9,23.08,22.82,23,0.3,1.32,66610,,,Increase
1066,RHBBANK,RHB BANK BERHAD,MAIN,Banking,3/4/2019,5.94,4.99,5.69,5.82,5.67,5.75,0.1,1.77,76238,1,0,Increase
2488,ABMB,ALLIANCE BANK MALAYSIA BERHAD,MAIN,Banking,4/3/2019,4.49,3.76,4.15,4.26,4.15,4.2,0,0,7500,1,0.6808,No Change/Decrease
5185,AFFIN,AFFIN BANK BERHAD,MAIN,Banking,4/3/2019,2.63,2.18,2.28,2.3,2.27,2.3,0.02,0.88,1353,,,Increase
1015,AMBANK,AMMB HOLDINGS BERHAD,MAIN,Banking,4/3/2019,4.59,3.4,4.44,4.54,4.44,4.5,0,0,41529,,,No Change/Decrease
5258,BIMB,BIMB HOLDINGS BERHAD,MAIN,Banking,4/3/2019,4.36,3.4,4.32,4.35,4.28,4.3,0.05,1.18,3043,2,-0.3182,Increase
1023,CIMB,CIMB GROUP HOLDINGS BERHAD,MAIN,Banking,4/3/2019,7.36,5.21,5.62,5.69,5.62,5.64,-0.04,-0.7,90081,,,No Change/Decrease
5819,HLBANK,HONG LEONG BANK BERHAD,MAIN,Banking,4/3/2019,21.66,17.56,21,21.3,21,21.26,-0.02,-0.09,15135,,,No Change/Decrease
1082,HLFG,HONG LEONG FINANCIAL GROUP BERHAD,MAIN,Banking,4/3/2019,20.4,17.38,19.38,19.62,19.28,19.6,0.04,0.2,4994,2,-0.6249,Increase
1155,MAYBANK,MALAYAN BANKING BERHAD,MAIN,Banking,4/3/2019,11.08,8.68,9.5,9.66,9.5,9.54,0.01,0.1,65571,,,Increase
1295,PBBANK,PUBLIC BANK BERHAD,MAIN,Banking,4/3/2019,26.16,22.34,24.94,25.04,24.94,25,-0.02,-0.08,42184,,,No Change/Decrease
1066,RHBBANK,RHB BANK BERHAD,MAIN,Banking,4/3/2019,5.94,4.99,5.77,5.94,5.73,5.75,0.06,1.05,67783,,,Increase
2488,ABMB,ALLIANCE BANK MALAYSIA BERHAD,MAIN,Banking,4/4/2019,4.49,3.76,4.04,4.12,4.04,4.12,0.04,0.98,7638,,,Increase
5185,AFFIN,AFFIN BANK BERHAD,MAIN,Banking,4/4/2019,2.63,2.18,2.21,2.21,2.19,2.19,0,0,1848,3,-0.0222,No Change/Decrease
1015,AMBANK,AMMB HOLDINGS BERHAD,MAIN,Banking,4/4/2019,4.64,3.4,4.47,4.48,4.43,4.45,-0.01,-0.22,24320,1,0,No Change/Decrease
5258,BIMB,BIMB HOLDINGS BERHAD,MAIN,Banking,4/4/2019,4.45,3.4,4.44,4.44,4.39,4.39,-0.01,-0.23,17670,,,No Change/Decrease
1023,CIMB,CIMB GROUP HOLDINGS BERHAD,MAIN,Banking,4/4/2019,7.36,5.04,5.12,5.14,5.08,5.1,-0.02,-0.39,58937,6,0.3006,No Change/Decrease
5819,HLBANK,HONG LEONG BANK BERHAD,MAIN,Banking,4/4/2019,21.66,17.56,20.04,20.36,19.94,20.2,0.16,0.8,7474,3,-0.3182,Increase
1082,HLFG,HONG LEONG FINANCIAL GROUP BERHAD,MAIN,Banking,4/4/2019,20.4,17.38,19.18,19.4,19.14,19.18,0.12,0.63,6035,2,-0.3182,Increase
1155,MAYBANK,MALAYAN BANKING BERHAD,MAIN,Banking,4/4/2019,11.08,8.68,9.24,9.3,9.24,9.27,0.03,0.32,92632,4,0.34,Increase
1295,PBBANK,PUBLIC BANK BERHAD,MAIN,Banking,4/4/2019,26.16,22.28,23,23.1,22.6,22.98,-0.02,-0.09,78354,7,-1.1164,No Change/Decrease
1066,RHBBANK,RHB BANK BERHAD,MAIN,Banking,4/4/2019,5.94,4.99,5.81,5.81,5.7,5.75,0,0,58880,2,0,No Change/Decrease
2488,ABMB,ALLIANCE BANK MALAYSIA BERHAD,MAIN,Banking,5/3/2019,4.49,3.76,4.16,4.23,4.16,4.23,0.03,0.71,6929,,,Increase
5185,AFFIN,AFFIN BANK BERHAD,MAIN,Banking,5/3/2019,2.63,2.18,2.31,2.32,2.27,2.31,0.01,0.43,503,,,Increase
1015,AMBANK,AMMB HOLDINGS BERHAD,MAIN,Banking,5/3/2019,4.59,3.4,4.45,4.52,4.45,4.49,-0.01,-0.22,28392,,,No Change/Decrease
5258,BIMB,BIMB HOLDINGS BERHAD,MAIN,Banking,5/3/2019,4.36,3.4,4.3,4.3,4.28,4.3,0,0,1891,,,No Change/Decrease
1023,CIMB,CIMB GROUP HOLDINGS BERHAD,MAIN,Banking,5/3/2019,7.36,5.21,5.62,5.66,5.59,5.59,-0.05,-0.89,113730,,,No Change/Decrease
5819,HLBANK,HONG LEONG BANK BERHAD,MAIN,Banking,5/3/2019,21.66,17.56,21.48,21.6,21.24,21.28,0.02,0.09,8442,,,Increase
1082,HLFG,HONG LEONG FINANCIAL GROUP BERHAD,MAIN,Banking,5/3/2019,20.4,17.38,19.36,19.76,19.36,19.54,-0.06,-0.31,2255,2,0.2023,No Change/Decrease
1155,MAYBANK,MALAYAN BANKING BERHAD,MAIN,Banking,5/3/2019,11.08,8.68,9.53,9.58,9.53,9.53,-0.01,-0.1,59663,,,No Change/Decrease
1295,PBBANK,PUBLIC BANK BERHAD,MAIN,Banking,5/3/2019,26.16,22.34,24.7,24.72,24.56,24.6,-0.02,-0.08,42989,,,No Change/Decrease
1066,RHBBANK,RHB BANK BERHAD,MAIN,Banking,5/3/2019,5.94,4.99,5.86,5.94,5.71,5.71,-0.04,-0.7,53554,,,No Change/Decrease
2488,ABMB,ALLIANCE BANK MALAYSIA BERHAD,MAIN,Banking,5/4/2019,4.49,3.76,4.1,4.12,4.09,4.12,0,0,1299,,,No Change/Decrease
5185,AFFIN,AFFIN BANK BERHAD,MAIN,Banking,5/4/2019,2.63,2.18,2.2,2.2,2.19,2.2,0.01,0.46,1612,2,-0.5719,Increase
1015,AMBANK,AMMB HOLDINGS BERHAD,MAIN,Banking,5/4/2019,4.64,3.4,4.46,4.46,4.41,4.43,-0.02,-0.45,14561,1,-0.6808,No Change/Decrease
5258,BIMB,BIMB HOLDINGS BERHAD,MAIN,Banking,5/4/2019,4.45,3.4,4.43,4.43,4.39,4.4,0.01,0.23,10959,,,Increase
1023,CIMB,CIMB GROUP HOLDINGS BERHAD,MAIN,Banking,5/4/2019,7.36,5.04,5.1,5.13,5.1,5.11,0.01,0.2,23308,9,-2.0221,Increase
5819,HLBANK,HONG LEONG BANK BERHAD,MAIN,Banking,5/4/2019,21.66,17.56,20.2,20.3,20.18,20.2,0,0,5422,1,-0.6808,No Change/Decrease
1082,HLFG,HONG LEONG FINANCIAL GROUP BERHAD,MAIN,Banking,5/4/2019,20.4,17.38,19.02,19.02,19.02,19.02,-0.16,-0.83,82,1,-0.6808,No Change/Decrease
1155,MAYBANK,MALAYAN BANKING BERHAD,MAIN,Banking,5/4/2019,11.08,8.68,9.26,9.29,9.24,9.26,-0.01,-0.11,78867,1,-0.6808,No Change/Decrease
1295,PBBANK,PUBLIC BANK BERHAD,MAIN,Banking,5/4/2019,26.16,22.28,22.84,23,22.8,22.88,-0.1,-0.44,63230,4,-0.9768,No Change/Decrease
1066,RHBBANK,RHB BANK BERHAD,MAIN,Banking,5/4/2019,5.94,5.01,5.68,5.79,5.68,5.73,-0.02,-0.35,12539,2,-1.2527,No Change/Decrease
2488,ABMB,ALLIANCE BANK MALAYSIA BERHAD,MAIN,Banking,6/3/2019,4.49,3.76,4.22,4.23,4.2,4.21,-0.02,-0.47,9637,,,No Change/Decrease
5185,AFFIN,AFFIN BANK BERHAD,MAIN,Banking,6/3/2019,2.63,2.18,2.29,2.31,2.28,2.31,0,0,999,,,No Change/Decrease
1015,AMBANK,AMMB HOLDINGS BERHAD,MAIN,Banking,6/3/2019,4.59,3.4,4.51,4.51,4.45,4.5,0.01,0.22,20975,,,Increase
1023,CIMB,CIMB GROUP HOLDINGS BERHAD,MAIN,Banking,6/3/2019,7.36,5.21,5.62,5.63,5.51,5.52,-0.07,-1.25,142766,,,No Change/Decrease
5819,HLBANK,HONG LEONG BANK BERHAD,MAIN,Banking,6/3/2019,21.66,17.56,21.16,21.4,21.16,21.28,0,0,4763,,,No Change/Decrease
1082,HLFG,HONG LEONG FINANCIAL GROUP BERHAD,MAIN,Banking,6/3/2019,20.4,17.38,19.6,19.64,19.42,19.5,-0.04,-0.2,2153,1,-0.1027,No Change/Decrease
1155,MAYBANK,MALAYAN BANKING BERHAD,MAIN,Banking,6/3/2019,11.08,8.68,9.56,9.57,9.53,9.54,0.01,0.1,69424,,,Increase
1295,PBBANK,PUBLIC BANK BERHAD,MAIN,Banking,6/3/2019,26.16,22.34,24.66,24.7,24.52,24.52,-0.08,-0.33,49349,,,No Change/Decrease
1066,RHBBANK,RHB BANK BERHAD,MAIN,Banking,6/3/2019,5.94,4.99,5.5,5.63,5.43,5.54,-0.17,-2.98,232590,,,No Change/Decrease
2488,ABMB,ALLIANCE BANK MALAYSIA BERHAD,MAIN,Banking,7/3/2019,4.49,3.76,4.2,4.23,4.19,4.22,0.01,0.24,6247,,,Increase
5185,AFFIN,AFFIN BANK BERHAD,MAIN,Banking,7/3/2019,2.63,2.18,2.29,2.31,2.28,2.28,-0.03,-1.3,1007,,,No Change/Decrease
1015,AMBANK,AMMB HOLDINGS BERHAD,MAIN,Banking,7/3/2019,4.59,3.4,4.46,4.57,4.46,4.5,0,0,13008,1,0.2023,No Change/Decrease
5258,BIMB,BIMB HOLDINGS BERHAD,MAIN,Banking,7/3/2019,4.36,3.4,4.26,4.27,4.24,4.25,0.07,1.67,11841,3,-0.0636,Increase
1023,CIMB,CIMB GROUP HOLDINGS BERHAD,MAIN,Banking,7/3/2019,7.36,5.21,5.5,5.53,5.45,5.45,-0.07,-1.27,145023,,,No Change/Decrease
5819,HLBANK,HONG LEONG BANK BERHAD,MAIN,Banking,7/3/2019,21.66,17.56,21.1,21.3,21.1,21.3,0.02,0.09,6539,,,Increase
1082,HLFG,HONG LEONG FINANCIAL GROUP BERHAD,MAIN,Banking,7/3/2019,20.4,17.38,19.96,19.96,19.46,19.5,0,0,6766,1,-0.1655,No Change/Decrease
1155,MAYBANK,MALAYAN BANKING BERHAD,MAIN,Banking,7/3/2019,11.08,8.68,9.52,9.6,9.52,9.53,-0.01,-0.1,91437,,,No Change/Decrease
1295,PBBANK,PUBLIC BANK BERHAD,MAIN,Banking,7/3/2019,26.16,22.34,24.46,24.58,24.46,24.54,0.02,0.08,47300,,,Increase
1066,RHBBANK,RHB BANK BERHAD,MAIN,Banking,7/3/2019,5.94,4.99,5.58,5.62,5.46,5.48,-0.06,-1.08,159673,,,No Change/Decrease
2488,ABMB,ALLIANCE BANK MALAYSIA BERHAD,MAIN,Banking,8/3/2019,4.49,3.76,4.21,4.22,4.14,4.14,-0.08,-1.9,4362,,,No Change/Decrease
5185,AFFIN,AFFIN BANK BERHAD,MAIN,Banking,8/3/2019,2.63,2.18,2.28,2.3,2.26,2.27,-0.01,-0.44,661,,,No Change/Decrease
1015,AMBANK,AMMB HOLDINGS BERHAD,MAIN,Banking,8/3/2019,4.59,3.4,4.53,4.53,4.46,4.5,0,0,34550,3,-0.296,No Change/Decrease
5258,BIMB,BIMB HOLDINGS BERHAD,MAIN,Banking,8/3/2019,4.36,3.4,4.24,4.29,4.2,4.24,-0.01,-0.24,11797,4,0.9551,No Change/Decrease
1023,CIMB,CIMB GROUP HOLDINGS BERHAD,MAIN,Banking,8/3/2019,7.36,5.21,5.47,5.49,5.38,5.39,-0.06,-1.1,134337,,,No Change/Decrease
5819,HLBANK,HONG LEONG BANK BERHAD,MAIN,Banking,8/3/2019,21.66,17.56,21.38,21.38,21.16,21.24,-0.06,-0.28,14557,,,No Change/Decrease
1082,HLFG,HONG LEONG FINANCIAL GROUP BERHAD,MAIN,Banking,8/3/2019,20.4,17.38,19.68,19.68,19.42,19.5,0,0,5353,,,No Change/Decrease
1155,MAYBANK,MALAYAN BANKING BERHAD,MAIN,Banking,8/3/2019,11.08,8.68,9.53,9.58,9.51,9.53,0,0,100028,,,No Change/Decrease
1295,PBBANK,PUBLIC BANK BERHAD,MAIN,Banking,8/3/2019,26.16,22.34,24.56,24.58,24.44,24.5,-0.04,-0.16,53476,,,No Change/Decrease
1066,RHBBANK,RHB BANK BERHAD,MAIN,Banking,8/3/2019,5.94,4.99,5.5,5.58,5.48,5.56,0.08,1.46,150079,,,Increase
2488,ABMB,ALLIANCE BANK MALAYSIA BERHAD,MAIN,Banking,8/4/2019,4.49,3.76,4.13,4.15,4.08,4.1,-0.02,-0.49,3532,,,No Change/Decrease
5185,AFFIN,AFFIN BANK BERHAD,MAIN,Banking,8/4/2019,2.63,2.18,2.19,2.2,2.19,2.2,0,0,533,3,1.3706,No Change/Decrease
1015,AMBANK,AMMB HOLDINGS BERHAD,MAIN,Banking,8/4/2019,4.64,3.4,4.45,4.45,4.4,4.45,0.02,0.45,9981,,,Increase
5258,BIMB,BIMB HOLDINGS BERHAD,MAIN,Banking,8/4/2019,4.45,3.4,4.39,4.41,4.38,4.4,0,0,3327,,,No Change/Decrease
1023,CIMB,CIMB GROUP HOLDINGS BERHAD,MAIN,Banking,8/4/2019,7.36,5.04,5.1,5.12,5.08,5.09,-0.02,-0.39,73784,,,No Change/Decrease
5819,HLBANK,HONG LEONG BANK BERHAD,MAIN,Banking,8/4/2019,21.66,17.56,20.2,20.22,20.02,20.14,-0.06,-0.3,7661,3,2.0934,No Change/Decrease
1082,HLFG,HONG LEONG FINANCIAL GROUP BERHAD,MAIN,Banking,8/4/2019,20.4,17.38,19.22,19.26,19.08,19.16,0.14,0.74,3043,1,-0.3182,Increase
1155,MAYBANK,MALAYAN BANKING BERHAD,MAIN,Banking,8/4/2019,11.08,8.68,9.28,9.29,9.25,9.28,0.02,0.22,51807,,,Increase
1295,PBBANK,PUBLIC BANK BERHAD,MAIN,Banking,8/4/2019,26.16,22.28,22.94,22.94,22.56,22.62,-0.26,-1.14,52334,4,2.0099,No Change/Decrease
1066,RHBBANK,RHB BANK BERHAD,MAIN,Banking,8/4/2019,5.94,5.05,5.74,5.75,5.65,5.68,-0.05,-0.87,23077,4,1.9284,No Change/Decrease
2488,ABMB,ALLIANCE BANK MALAYSIA BERHAD,MAIN,Banking,9/4/2019,4.49,3.76,4.1,4.1,4.07,4.09,-0.01,-0.24,9731,1,0.3612,No Change/Decrease
5185,AFFIN,AFFIN BANK BERHAD,MAIN,Banking,9/4/2019,2.63,2.18,2.2,2.21,2.19,2.19,-0.01,-0.45,166,2,0.1494,No Change/Decrease
1015,AMBANK,AMMB HOLDINGS BERHAD,MAIN,Banking,9/4/2019,4.64,3.4,4.45,4.5,4.42,4.45,0,0,12765,3,1.2391,No Change/Decrease
5258,BIMB,BIMB HOLDINGS BERHAD,MAIN,Banking,9/4/2019,4.45,3.4,4.38,4.4,4.38,4.4,0,0,9508,,,No Change/Decrease
1023,CIMB,CIMB GROUP HOLDINGS BERHAD,MAIN,Banking,9/4/2019,7.36,5.04,5.1,5.11,5.07,5.09,0,0,120745,,,No Change/Decrease
5819,HLBANK,HONG LEONG BANK BERHAD,MAIN,Banking,9/4/2019,21.66,17.56,20.32,20.32,20.04,20.1,-0.04,-0.2,3213,3,1.0128,No Change/Decrease
1082,HLFG,HONG LEONG FINANCIAL GROUP BERHAD,MAIN,Banking,9/4/2019,20.4,17.38,19.34,19.34,19.04,19.16,0,0,949,,,No Change/Decrease
1155,MAYBANK,MALAYAN BANKING BERHAD,MAIN,Banking,9/4/2019,11.08,8.68,9.28,9.3,9.25,9.3,0.02,0.22,90500,,,Increase
1295,PBBANK,PUBLIC BANK BERHAD,MAIN,Banking,9/4/2019,26.16,22.28,22.6,22.68,22.52,22.58,-0.04,-0.18,48027,3,0.6672,No Change/Decrease
1066,RHBBANK,RHB BANK BERHAD,MAIN,Banking,9/4/2019,5.94,5.05,5.68,5.74,5.63,5.66,-0.02,-0.35,24506,2,1.2391,No Change/Decrease
2488,ABMB,ALLIANCE BANK MALAYSIA BERHAD,MAIN,Banking,10/4/2019,4.49,3.76,4.09,4.1,4.06,4.09,0,0,4380,1,0.3612,No Change/Decrease
5185,AFFIN,AFFIN BANK BERHAD,MAIN,Banking,10/4/2019,2.63,2.18,2.19,2.19,2.18,2.18,-0.01,-0.46,1001,4,2.3156,No Change/Decrease
1015,AMBANK,AMMB HOLDINGS BERHAD,MAIN,Banking,10/4/2019,4.64,3.4,4.46,4.47,4.43,4.44,-0.01,-0.22,28579,3,0.4019,No Change/Decrease
5258,BIMB,BIMB HOLDINGS BERHAD,MAIN,Banking,10/4/2019,4.45,3.4,4.43,4.43,4.39,4.4,0,0,28117,1,0.4215,No Change/Decrease
1023,CIMB,CIMB GROUP HOLDINGS BERHAD,MAIN,Banking,10/4/2019,7.36,5.04,5.09,5.1,5.06,5.08,-0.01,-0.2,35256,,,No Change/Decrease
5819,HLBANK,HONG LEONG BANK BERHAD,MAIN,Banking,10/4/2019,21.66,17.56,20.06,20.1,20.04,20.08,-0.02,-0.1,13441,1,0.4019,No Change/Decrease
1082,HLFG,HONG LEONG FINANCIAL GROUP BERHAD,MAIN,Banking,10/4/2019,20.4,17.38,19.24,19.48,19.14,19.48,0.32,1.67,1244,,,Increase
1155,MAYBANK,MALAYAN BANKING BERHAD,MAIN,Banking,10/4/2019,11.08,8.68,9.29,9.3,9.26,9.28,-0.02,-0.22,79772,,,No Change/Decrease
1295,PBBANK,PUBLIC BANK BERHAD,MAIN,Banking,10/4/2019,26.16,22.28,22.58,22.68,22.52,22.64,0.06,0.27,41000,1,0.4019,Increase
1066,RHBBANK,RHB BANK BERHAD,MAIN,Banking,10/4/2019,5.94,5.05,5.68,5.72,5.66,5.69,0.03,0.53,49361,1,0.4019,Increase
2488,ABMB,ALLIANCE BANK MALAYSIA BERHAD,MAIN,Banking,11/3/2019,4.49,3.76,4.15,4.17,4.12,4.12,-0.02,-0.48,22040,,,No Change/Decrease
5185,AFFIN,AFFIN BANK BERHAD,MAIN,Banking,11/3/2019,2.63,2.18,2.26,2.28,2.26,2.26,-0.01,-0.44,823,3,-0.122,No Change/Decrease
1015,AMBANK,AMMB HOLDINGS BERHAD,MAIN,Banking,11/3/2019,4.59,3.4,4.5,4.53,4.46,4.46,-0.04,-0.89,19373,4,-0.0325,No Change/Decrease
5258,BIMB,BIMB HOLDINGS BERHAD,MAIN,Banking,11/3/2019,4.36,3.4,4.23,4.24,4.2,4.22,-0.02,-0.47,18296,,,No Change/Decrease
1023,CIMB,CIMB GROUP HOLDINGS BERHAD,MAIN,Banking,11/3/2019,7.36,5.21,5.42,5.44,5.28,5.28,-0.11,-2.04,95755,,,No Change/Decrease
5819,HLBANK,HONG LEONG BANK BERHAD,MAIN,Banking,11/3/2019,21.66,17.56,21.34,21.34,20.86,20.9,-0.18,-0.85,11409,2,-0.1452,No Change/Decrease
1082,HLFG,HONG LEONG FINANCIAL GROUP BERHAD,MAIN,Banking,11/3/2019,20.4,17.38,19.46,19.5,19.2,19.3,-0.2,-1.03,2084,,,No Change/Decrease
1155,MAYBANK,MALAYAN BANKING BERHAD,MAIN,Banking,11/3/2019,11.08,8.68,9.53,9.54,9.47,9.47,-0.06,-0.63,59901,,,No Change/Decrease
1295,PBBANK,PUBLIC BANK BERHAD,MAIN,Banking,11/3/2019,26.16,22.34,24.48,24.56,24.2,24.2,-0.3,-1.22,49858,,,No Change/Decrease
1066,RHBBANK,RHB BANK BERHAD,MAIN,Banking,11/3/2019,5.94,4.99,5.57,5.73,5.55,5.58,0.02,0.36,189590,,,Increase
2488,ABMB,ALLIANCE BANK MALAYSIA BERHAD,MAIN,Banking,11/4/2019,4.49,3.76,4.09,4.09,4.05,4.08,-0.01,-0.24,1137,,,No Change/Decrease
5185,AFFIN,AFFIN BANK BERHAD,MAIN,Banking,11/4/2019,2.63,2.18,2.19,2.19,2.18,2.18,0,0,366,2,-0.3818,No Change/Decrease
1015,AMBANK,AMMB HOLDINGS BERHAD,MAIN,Banking,11/4/2019,4.64,3.4,4.42,4.43,4.4,4.43,-0.01,-0.23,17091,4,-0.1924,No Change/Decrease
5258,BIMB,BIMB HOLDINGS BERHAD,MAIN,Banking,11/4/2019,4.45,3.4,4.4,4.44,4.38,4.44,0.04,0.91,24630,1,0,Increase
1023,CIMB,CIMB GROUP HOLDINGS BERHAD,MAIN,Banking,11/4/2019,7.36,5.04,5.08,5.12,5.06,5.06,-0.02,-0.39,75621,2,-0.2146,No Change/Decrease
5819,HLBANK,HONG LEONG BANK BERHAD,MAIN,Banking,11/4/2019,21.66,17.56,20.02,20.08,19.86,20.04,-0.04,-0.2,4920,1,-0.5106,No Change/Decrease
1082,HLFG,HONG LEONG FINANCIAL GROUP BERHAD,MAIN,Banking,11/4/2019,20.4,17.38,19.28,19.28,19.16,19.16,-0.32,-1.64,715,1,-0.3818,No Change/Decrease
1155,MAYBANK,MALAYAN BANKING BERHAD,MAIN,Banking,11/4/2019,11.08,8.68,9.28,9.29,9.26,9.26,-0.02,-0.22,91550,1,0.5859,No Change/Decrease
1295,PBBANK,PUBLIC BANK BERHAD,MAIN,Banking,11/4/2019,26.16,22.28,22.62,22.8,22.58,22.62,-0.02,-0.09,58458,3,-1.0825,No Change/Decrease
1066,RHBBANK,RHB BANK BERHAD,MAIN,Banking,11/4/2019,5.94,5.05,5.67,5.74,5.62,5.68,-0.01,-0.18,50242,3,-1.0938,No Change/Decrease
2488,ABMB,ALLIANCE BANK MALAYSIA BERHAD,MAIN,Banking,12/3/2019,4.49,3.76,4.13,4.16,4.13,4.14,0.02,0.49,5271,,,Increase
5185,AFFIN,AFFIN BANK BERHAD,MAIN,Banking,12/3/2019,2.63,2.18,2.25,2.27,2.24,2.25,-0.01,-0.44,1094,5,2.0952,No Change/Decrease
1015,AMBANK,AMMB HOLDINGS BERHAD,MAIN,Banking,12/3/2019,4.59,3.4,4.5,4.51,4.46,4.5,0.04,0.9,18383,3,0.1494,Increase
5258,BIMB,BIMB HOLDINGS BERHAD,MAIN,Banking,12/3/2019,4.36,3.4,4.22,4.22,4.19,4.2,-0.02,-0.47,27611,,,No Change/Decrease
1023,CIMB,CIMB GROUP HOLDINGS BERHAD,MAIN,Banking,12/3/2019,7.36,5.21,5.3,5.39,5.29,5.37,0.09,1.7,142256,,,Increase
5819,HLBANK,HONG LEONG BANK BERHAD,MAIN,Banking,12/3/2019,21.66,17.56,20.9,20.9,20.6,20.66,-0.24,-1.15,7541,5,0.808,No Change/Decrease
1082,HLFG,HONG LEONG FINANCIAL GROUP BERHAD,MAIN,Banking,12/3/2019,20.4,17.38,19.34,19.44,19.28,19.4,0.1,0.52,3297,,,Increase
1155,MAYBANK,MALAYAN BANKING BERHAD,MAIN,Banking,12/3/2019,11.08,8.68,9.48,9.54,9.47,9.49,0.02,0.21,65596,,,Increase
1295,PBBANK,PUBLIC BANK BERHAD,MAIN,Banking,12/3/2019,26.16,22.34,24.26,24.42,24.16,24.4,0.2,0.83,27074,3,0.2023,Increase
1066,RHBBANK,RHB BANK BERHAD,MAIN,Banking,12/3/2019,5.94,4.99,5.66,5.72,5.6,5.63,0.05,0.9,86999,5,0.34,Increase
2488,ABMB,ALLIANCE BANK MALAYSIA BERHAD,MAIN,Banking,12/4/2019,4.49,3.76,4.08,4.08,4.01,4.01,-0.07,-1.72,6397,,,No Change/Decrease
5185,AFFIN,AFFIN BANK BERHAD,MAIN,Banking,12/4/2019,2.63,2.18,2.19,2.2,2.18,2.18,0,0,1263,2,-0.128,No Change/Decrease
1015,AMBANK,AMMB HOLDINGS BERHAD,MAIN,Banking,12/4/2019,4.64,3.4,4.42,4.45,4.42,4.45,0.02,0.45,27158,1,0,Increase
5258,BIMB,BIMB HOLDINGS BERHAD,MAIN,Banking,12/4/2019,4.45,3.4,4.44,4.45,4.43,4.44,0,0,62828,,,No Change/Decrease
1023,CIMB,CIMB GROUP HOLDINGS BERHAD,MAIN,Banking,12/4/2019,7.36,5.04,5.07,5.08,5.06,5.06,0,0,35072,8,2.6133,No Change/Decrease
5819,HLBANK,HONG LEONG BANK BERHAD,MAIN,Banking,12/4/2019,21.66,17.56,20.16,20.16,20,20.04,0,0,1376,,,No Change/Decrease
1082,HLFG,HONG LEONG FINANCIAL GROUP BERHAD,MAIN,Banking,12/4/2019,20.4,17.38,19.16,19.2,19.02,19.1,-0.06,-0.31,2227,,,No Change/Decrease
1155,MAYBANK,MALAYAN BANKING BERHAD,MAIN,Banking,12/4/2019,11.08,8.68,9.26,9.28,9.26,9.27,0.01,0.11,63990,5,0.2005,Increase
1295,PBBANK,PUBLIC BANK BERHAD,MAIN,Banking,12/4/2019,26.16,22.28,22.62,22.7,22.58,22.6,-0.02,-0.09,22000,2,0,No Change/Decrease
1066,RHBBANK,RHB BANK BERHAD,MAIN,Banking,12/4/2019,5.94,5.05,5.71,5.77,5.67,5.75,0.07,1.23,47776,2,0,Increase
2488,ABMB,ALLIANCE BANK MALAYSIA BERHAD,MAIN,Banking,13/3/2019,4.49,3.76,4.15,4.2,4.14,4.16,0.02,0.48,24800,,,Increase
5185,AFFIN,AFFIN BANK BERHAD,MAIN,Banking,13/3/2019,2.63,2.18,2.26,2.26,2.25,2.25,0,0,1070,4,0.6139,No Change/Decrease
1015,AMBANK,AMMB HOLDINGS BERHAD,MAIN,Banking,13/3/2019,4.59,3.4,4.5,4.52,4.49,4.51,0.01,0.22,28833,1,-0.2732,Increase
5258,BIMB,BIMB HOLDINGS BERHAD,MAIN,Banking,13/3/2019,4.36,3.4,4.2,4.29,4.2,4.25,0.05,1.19,11600,2,1.0451,Increase
1023,CIMB,CIMB GROUP HOLDINGS BERHAD,MAIN,Banking,13/3/2019,7.36,5.21,5.39,5.47,5.38,5.45,0.08,1.49,118046,1,0,Increase
5819,HLBANK,HONG LEONG BANK BERHAD,MAIN,Banking,13/3/2019,21.66,17.56,20.58,20.76,20.48,20.76,0.1,0.48,6903,2,1.0669,Increase
1082,HLFG,HONG LEONG FINANCIAL GROUP BERHAD,MAIN,Banking,13/3/2019,20.4,17.38,19.2,19.46,19.2,19.3,-0.1,-0.52,2541,4,-1.0525,No Change/Decrease
1155,MAYBANK,MALAYAN BANKING BERHAD,MAIN,Banking,13/3/2019,11.08,8.68,9.49,9.55,9.47,9.55,0.06,0.63,90088,,,Increase
1295,PBBANK,PUBLIC BANK BERHAD,MAIN,Banking,13/3/2019,26.16,22.34,24.4,24.54,24.38,24.48,0.08,0.33,18904,3,-0.1902,Increase
1066,RHBBANK,RHB BANK BERHAD,MAIN,Banking,13/3/2019,5.94,4.99,5.73,5.81,5.71,5.79,0.16,2.84,78952,6,0.222,Increase
2488,ABMB,ALLIANCE BANK MALAYSIA BERHAD,MAIN,Banking,14/3/2019,4.49,3.76,4.15,4.2,4.15,4.2,0.04,0.96,14979,1,0,Increase
5185,AFFIN,AFFIN BANK BERHAD,MAIN,Banking,14/3/2019,2.63,2.18,2.29,2.3,2.26,2.28,0.03,1.33,1955,4,-0.6979,Increase
1015,AMBANK,AMMB HOLDINGS BERHAD,MAIN,Banking,14/3/2019,4.59,3.4,4.47,4.52,4.47,4.51,0,0,24560,3,0.8519,No Change/Decrease
5258,BIMB,BIMB HOLDINGS BERHAD,MAIN,Banking,14/3/2019,4.36,3.4,4.28,4.29,4.24,4.24,-0.01,-0.24,7003,1,0,No Change/Decrease
1023,CIMB,CIMB GROUP HOLDINGS BERHAD,MAIN,Banking,14/3/2019,7.36,5.21,5.47,5.5,5.45,5.47,0.02,0.37,89775,4,-0.2263,Increase
5819,HLBANK,HONG LEONG BANK BERHAD,MAIN,Banking,14/3/2019,21.66,17.56,20.76,20.84,20.62,20.74,-0.02,-0.1,7220,1,0,No Change/Decrease
1082,HLFG,HONG LEONG FINANCIAL GROUP BERHAD,MAIN,Banking,14/3/2019,20.4,17.38,19.12,19.34,19.12,19.3,0,0,3469,3,-0.296,No Change/Decrease
1155,MAYBANK,MALAYAN BANKING BERHAD,MAIN,Banking,14/3/2019,11.08,8.68,9.55,9.55,9.47,9.49,-0.06,-0.63,60271,6,0,No Change/Decrease
1295,PBBANK,PUBLIC BANK BERHAD,MAIN,Banking,14/3/2019,26.16,22.34,24.42,24.5,24.42,24.44,-0.04,-0.16,28737,3,1.2917,No Change/Decrease
1066,RHBBANK,RHB BANK BERHAD,MAIN,Banking,14/3/2019,5.94,4.99,5.83,5.94,5.8,5.83,0.04,0.69,106195,2,0,Increase
2488,ABMB,ALLIANCE BANK MALAYSIA BERHAD,MAIN,Banking,15/3/2019,4.49,3.76,4.17,4.18,4.15,4.15,-0.05,-1.19,20503,,,No Change/Decrease
5185,AFFIN,AFFIN BANK BERHAD,MAIN,Banking,15/3/2019,2.63,2.18,2.27,2.28,2.27,2.28,0,0,296,2,0,No Change/Decrease
1015,AMBANK,AMMB HOLDINGS BERHAD,MAIN,Banking,15/3/2019,4.6,3.4,4.53,4.6,4.51,4.6,0.09,2,51907,4,0.758,Increase
5258,BIMB,BIMB HOLDINGS BERHAD,MAIN,Banking,15/3/2019,4.36,3.4,4.25,4.25,4.2,4.2,-0.04,-0.94,1917,,,No Change/Decrease
1023,CIMB,CIMB GROUP HOLDINGS BERHAD,MAIN,Banking,15/3/2019,7.36,5.21,5.48,5.52,5.46,5.48,0.01,0.18,139949,8,1.3841,Increase
5819,HLBANK,HONG LEONG BANK BERHAD,MAIN,Banking,15/3/2019,21.66,17.56,20.76,21.28,20.54,21.28,0.54,2.6,12638,3,0.0218,Increase
1082,HLFG,HONG LEONG FINANCIAL GROUP BERHAD,MAIN,Banking,15/3/2019,20.4,17.38,19.3,19.42,19.3,19.42,0.12,0.62,4438,,,Increase
1155,MAYBANK,MALAYAN BANKING BERHAD,MAIN,Banking,15/3/2019,11.08,8.68,9.54,9.55,9.47,9.47,-0.02,-0.21,124062,8,0.5464,No Change/Decrease
1295,PBBANK,PUBLIC BANK BERHAD,MAIN,Banking,15/3/2019,26.16,22.34,24.44,24.5,24.44,24.48,0.04,0.16,53567,3,0.765,Increase
1066,RHBBANK,RHB BANK BERHAD,MAIN,Banking,15/3/2019,5.94,4.99,5.87,5.88,5.78,5.8,-0.03,-0.51,146495,1,0,No Change/Decrease
2488,ABMB,ALLIANCE BANK MALAYSIA BERHAD,MAIN,Banking,15/4/2019,4.49,3.76,4.02,4.04,4.01,4.03,0.02,0.5,12369,,,Increase
5185,AFFIN,AFFIN BANK BERHAD,MAIN,Banking,15/4/2019,2.63,2.18,2.2,2.21,2.19,2.2,0.02,0.92,344,4,0.7026,Increase
1015,AMBANK,AMMB HOLDINGS BERHAD,MAIN,Banking,15/4/2019,4.64,3.4,4.49,4.5,4.45,4.47,0.02,0.45,23223,5,-0.8402,Increase
5258,BIMB,BIMB HOLDINGS BERHAD,MAIN,Banking,15/4/2019,4.55,3.4,4.48,4.55,4.48,4.5,0.06,1.35,29019,2,0.5574,Increase
1023,CIMB,CIMB GROUP HOLDINGS BERHAD,MAIN,Banking,15/4/2019,7.36,5.04,5.07,5.13,5.06,5.06,0,0,36958,6,0.9638,No Change/Decrease
5819,HLBANK,HONG LEONG BANK BERHAD,MAIN,Banking,15/4/2019,21.66,17.56,20.36,20.36,19.92,20.1,0.06,0.3,2218,5,0.2884,Increase
1082,HLFG,HONG LEONG FINANCIAL GROUP BERHAD,MAIN,Banking,15/4/2019,20.4,17.38,19.16,19.26,18.96,19,-0.1,-0.52,1355,,,No Change/Decrease
1155,MAYBANK,MALAYAN BANKING BERHAD,MAIN,Banking,15/4/2019,11.08,8.68,9.27,9.31,9.25,9.25,-0.02,-0.22,42779,7,0.407,No Change/Decrease
1295,PBBANK,PUBLIC BANK BERHAD,MAIN,Banking,15/4/2019,26.16,22.28,22.66,22.76,22.56,22.58,-0.02,-0.09,23862,3,0.2884,No Change/Decrease
1066,RHBBANK,RHB BANK BERHAD,MAIN,Banking,15/4/2019,5.94,5.05,5.79,5.8,5.7,5.75,0,0,45794,3,0.6582,No Change/Decrease
2488,ABMB,ALLIANCE BANK MALAYSIA BERHAD,MAIN,Banking,16/4/2019,4.49,3.76,4.02,4.04,3.98,4.02,-0.01,-0.25,9060,,,No Change/Decrease
5185,AFFIN,AFFIN BANK BERHAD,MAIN,Banking,16/4/2019,2.63,2.18,2.2,2.2,2.18,2.18,-0.02,-0.91,1596,2,-0.4404,No Change/Decrease
1015,AMBANK,AMMB HOLDINGS BERHAD,MAIN,Banking,16/4/2019,4.64,3.4,4.47,4.49,4.44,4.46,-0.01,-0.22,22227,,,No Change/Decrease
5258,BIMB,BIMB HOLDINGS BERHAD,MAIN,Banking,16/4/2019,4.55,3.4,4.54,4.54,4.5,4.51,0.01,0.22,33941,3,0.1377,Increase
1023,CIMB,CIMB GROUP HOLDINGS BERHAD,MAIN,Banking,16/4/2019,7.36,5.04,5.08,5.1,5.05,5.05,-0.01,-0.2,59219,,,No Change/Decrease
5819,HLBANK,HONG LEONG BANK BERHAD,MAIN,Banking,16/4/2019,21.66,17.56,20.1,20.1,19.88,20.08,-0.02,-0.1,4599,5,0.8576,No Change/Decrease
1082,HLFG,HONG LEONG FINANCIAL GROUP BERHAD,MAIN,Banking,16/4/2019,20.4,17.38,19.02,19.06,19,19.02,0.02,0.11,3283,,,Increase
1155,MAYBANK,MALAYAN BANKING BERHAD,MAIN,Banking,16/4/2019,11.08,8.68,9.25,9.29,9.2,9.21,-0.04,-0.43,105287,,,No Change/Decrease
1295,PBBANK,PUBLIC BANK BERHAD,MAIN,Banking,16/4/2019,26.16,22.28,22.52,22.66,22.52,22.6,0.02,0.09,20095,,,Increase
1066,RHBBANK,RHB BANK BERHAD,MAIN,Banking,16/4/2019,5.94,5.05,5.75,5.81,5.74,5.75,0,0,36621,4,0.5176,No Change/Decrease
2488,ABMB,ALLIANCE BANK MALAYSIA BERHAD,MAIN,Banking,17/4/2019,4.49,3.76,4,4,3.99,4,-0.02,-0.5,3168,,,No Change/Decrease
5185,AFFIN,AFFIN BANK BERHAD,MAIN,Banking,17/4/2019,2.63,2.17,2.18,2.18,2.17,2.18,0,0,567,6,0.5574,No Change/Decrease
1015,AMBANK,AMMB HOLDINGS BERHAD,MAIN,Banking,17/4/2019,4.64,3.4,4.47,4.47,4.44,4.44,-0.02,-0.45,48685,,,No Change/Decrease
5258,BIMB,BIMB HOLDINGS BERHAD,MAIN,Banking,17/4/2019,4.55,3.4,4.51,4.54,4.48,4.51,0,0,26020,,,No Change/Decrease
1023,CIMB,CIMB GROUP HOLDINGS BERHAD,MAIN,Banking,17/4/2019,7.36,5.01,5.06,5.07,5.01,5.05,0,0,67616,,,No Change/Decrease
5819,HLBANK,HONG LEONG BANK BERHAD,MAIN,Banking,17/4/2019,21.66,17.56,19.96,20,19.94,20,-0.08,-0.4,2639,2,-1.261,No Change/Decrease
1082,HLFG,HONG LEONG FINANCIAL GROUP BERHAD,MAIN,Banking,17/4/2019,20.4,17.38,19.2,19.2,18.96,19,-0.02,-0.11,3500,1,0,No Change/Decrease
1155,MAYBANK,MALAYAN BANKING BERHAD,MAIN,Banking,17/4/2019,11.08,8.68,9.2,9.2,8.99,9,-0.21,-2.28,194051,,,No Change/Decrease
1295,PBBANK,PUBLIC BANK BERHAD,MAIN,Banking,17/4/2019,26.16,22.28,22.54,22.6,22.48,22.6,0,0,25657,1,-0.6486,No Change/Decrease
1066,RHBBANK,RHB BANK BERHAD,MAIN,Banking,17/4/2019,5.94,5.05,5.75,5.87,5.75,5.79,0.04,0.7,58526,2,-0.6486,Increase
2488,ABMB,ALLIANCE BANK MALAYSIA BERHAD,MAIN,Banking,18/3/2019,4.49,3.76,4.15,4.2,4.14,4.2,0.05,1.2,4117,,,Increase
5185,AFFIN,AFFIN BANK BERHAD,MAIN,Banking,18/3/2019,2.63,2.18,2.28,2.28,2.25,2.26,-0.02,-0.88,535,4,0.6046,No Change/Decrease
1015,AMBANK,AMMB HOLDINGS BERHAD,MAIN,Banking,18/3/2019,4.6,3.4,4.53,4.6,4.53,4.58,-0.02,-0.43,26070,,,No Change/Decrease
5258,BIMB,BIMB HOLDINGS BERHAD,MAIN,Banking,18/3/2019,4.36,3.4,4.25,4.25,4.2,4.21,0.01,0.24,3019,1,0.5106,Increase
1023,CIMB,CIMB GROUP HOLDINGS BERHAD,MAIN,Banking,18/3/2019,7.36,5.21,5.49,5.51,5.45,5.48,0,0,103629,,,No Change/Decrease
5819,HLBANK,HONG LEONG BANK BERHAD,MAIN,Banking,18/3/2019,21.66,17.56,20.8,21.2,20.7,20.76,-0.52,-2.44,10013,,,No Change/Decrease
1082,HLFG,HONG LEONG FINANCIAL GROUP BERHAD,MAIN,Banking,18/3/2019,20.4,17.38,19.46,19.56,19.44,19.5,0.08,0.41,4064,,,Increase
1155,MAYBANK,MALAYAN BANKING BERHAD,MAIN,Banking,18/3/2019,11.08,8.68,9.5,9.52,9.48,9.49,0.02,0.21,42010,,,Increase
1295,PBBANK,PUBLIC BANK BERHAD,MAIN,Banking,18/3/2019,26.16,22.34,24.46,24.58,24.44,24.48,0,0,32640,,,No Change/Decrease
1066,RHBBANK,RHB BANK BERHAD,MAIN,Banking,18/3/2019,5.94,4.99,5.84,5.88,5.77,5.79,-0.01,-0.17,40617,5,1.6415,No Change/Decrease
2488,ABMB,ALLIANCE BANK MALAYSIA BERHAD,MAIN,Banking,18/4/2019,4.49,3.76,3.97,4,3.96,4,0,0,7250,1,0.296,No Change/Decrease
5185,AFFIN,AFFIN BANK BERHAD,MAIN,Banking,18/4/2019,2.63,2.14,2.16,2.16,2.14,2.14,-0.04,-1.83,3718,6,0.6778,No Change/Decrease
1015,AMBANK,AMMB HOLDINGS BERHAD,MAIN,Banking,18/4/2019,4.64,3.4,4.44,4.54,4.43,4.49,0.05,1.13,26489,10,-0.3515,Increase
5258,BIMB,BIMB HOLDINGS BERHAD,MAIN,Banking,18/4/2019,4.64,3.4,4.47,4.64,4.47,4.54,0.03,0.67,9556,,,Increase
1023,CIMB,CIMB GROUP HOLDINGS BERHAD,MAIN,Banking,18/4/2019,7.36,5,5.01,5.08,5,5.05,0,0,129788,,,No Change/Decrease
5819,HLBANK,HONG LEONG BANK BERHAD,MAIN,Banking,18/4/2019,21.66,17.56,20,20,19.52,19.94,-0.06,-0.3,11626,5,-0.4877,No Change/Decrease
1082,HLFG,HONG LEONG FINANCIAL GROUP BERHAD,MAIN,Banking,18/4/2019,20.4,17.38,19.1,19.1,18.88,18.96,-0.04,-0.21,1724,,,No Change/Decrease
1155,MAYBANK,MALAYAN BANKING BERHAD,MAIN,Banking,18/4/2019,11.08,8.68,8.99,9.02,8.75,9,0,0,198024,1,-0.0258,No Change/Decrease
1295,PBBANK,PUBLIC BANK BERHAD,MAIN,Banking,18/4/2019,26.16,22.2,22.6,22.6,22.2,22.58,-0.02,-0.09,89379,7,-0.0957,No Change/Decrease
1066,RHBBANK,RHB BANK BERHAD,MAIN,Banking,18/4/2019,5.94,5.05,5.77,5.94,5.77,5.82,0.03,0.52,62992,7,-0.4877,Increase
2488,ABMB,ALLIANCE BANK MALAYSIA BERHAD,MAIN,Banking,19/3/2019,4.49,3.76,4.19,4.2,4.16,4.16,-0.04,-0.95,1974,,,No Change/Decrease
5185,AFFIN,AFFIN BANK BERHAD,MAIN,Banking,19/3/2019,2.63,2.18,2.26,2.29,2.25,2.29,0.03,1.33,957,2,-0.1779,Increase
1015,AMBANK,AMMB HOLDINGS BERHAD,MAIN,Banking,19/3/2019,4.6,3.4,4.59,4.6,4.54,4.59,0.01,0.22,16287,4,0.8667,Increase
5258,BIMB,BIMB HOLDINGS BERHAD,MAIN,Banking,19/3/2019,4.36,3.4,4.21,4.25,4.21,4.25,0.04,0.95,6786,2,0.296,Increase
1023,CIMB,CIMB GROUP HOLDINGS BERHAD,MAIN,Banking,19/3/2019,7.36,5.21,5.49,5.5,5.45,5.47,-0.01,-0.18,103485,,,No Change/Decrease
5819,HLBANK,HONG LEONG BANK BERHAD,MAIN,Banking,19/3/2019,21.66,17.56,20.8,20.92,20.76,20.76,0,0,14828,,,No Change/Decrease
1082,HLFG,HONG LEONG FINANCIAL GROUP BERHAD,MAIN,Banking,19/3/2019,20.4,17.38,19.48,19.48,19.34,19.36,-0.14,-0.72,532,,,No Change/Decrease
1155,MAYBANK,MALAYAN BANKING BERHAD,MAIN,Banking,19/3/2019,11.08,8.68,9.49,9.5,9.47,9.48,-0.01,-0.11,73316,,,No Change/Decrease
1295,PBBANK,PUBLIC BANK BERHAD,MAIN,Banking,19/3/2019,26.16,22.34,24.5,24.5,24.44,24.48,0,0,31194,,,No Change/Decrease
1066,RHBBANK,RHB BANK BERHAD,MAIN,Banking,19/3/2019,5.94,4.99,5.83,5.89,5.76,5.78,-0.01,-0.17,24399,1,0,No Change/Decrease
2488,ABMB,ALLIANCE BANK MALAYSIA BERHAD,MAIN,Banking,19/4/2019,4.49,3.76,4.01,4.04,3.99,4,0,0,7698,,,No Change/Decrease
5185,AFFIN,AFFIN BANK BERHAD,MAIN,Banking,19/4/2019,2.63,2.14,2.18,2.18,2.18,2.18,0.04,1.87,5,4,0.4487,Increase
1015,AMBANK,AMMB HOLDINGS BERHAD,MAIN,Banking,19/4/2019,4.64,3.4,4.45,4.5,4.45,4.47,-0.02,-0.45,4904,4,0.5106,No Change/Decrease
5258,BIMB,BIMB HOLDINGS BERHAD,MAIN,Banking,19/4/2019,4.64,3.4,4.5,4.64,4.5,4.53,-0.01,-0.22,5430,2,0.128,No Change/Decrease
1023,CIMB,CIMB GROUP HOLDINGS BERHAD,MAIN,Banking,19/4/2019,7.34,5,5.06,5.09,5.05,5.07,0.02,0.4,12738,13,2.8167,Increase
5819,HLBANK,HONG LEONG BANK BERHAD,MAIN,Banking,19/4/2019,21.66,17.56,20,20.38,19.94,20.08,0.14,0.7,5851,1,-0.4019,Increase
1082,HLFG,HONG LEONG FINANCIAL GROUP BERHAD,MAIN,Banking,19/4/2019,20.4,17.38,19,19.18,18.98,19.06,0.1,0.53,1658,1,0,Increase
1155,MAYBANK,MALAYAN BANKING BERHAD,MAIN,Banking,19/4/2019,11.08,8.68,9.02,9.11,9,9.09,0.09,1,44776,5,-0.7588,Increase
1295,PBBANK,PUBLIC BANK BERHAD,MAIN,Banking,19/4/2019,26.16,22.2,22.56,22.58,22.48,22.52,-0.06,-0.27,21576,5,-0.6702,No Change/Decrease
1066,RHBBANK,RHB BANK BERHAD,MAIN,Banking,19/4/2019,5.94,5.05,5.82,5.84,5.78,5.8,-0.02,-0.34,47438,2,0,No Change/Decrease
2488,ABMB,ALLIANCE BANK MALAYSIA BERHAD,MAIN,Banking,20/3/2019,4.49,3.76,4.16,4.22,4.16,4.22,0.06,1.44,7055,,,Increase
5185,AFFIN,AFFIN BANK BERHAD,MAIN,Banking,20/3/2019,2.63,2.18,2.25,2.27,2.25,2.27,-0.02,-0.87,595,3,-0.1315,No Change/Decrease
1015,AMBANK,AMMB HOLDINGS BERHAD,MAIN,Banking,20/3/2019,4.64,3.4,4.59,4.64,4.57,4.61,0.02,0.44,59331,2,-0.3818,Increase
5258,BIMB,BIMB HOLDINGS BERHAD,MAIN,Banking,20/3/2019,4.36,3.4,4.25,4.25,4.21,4.22,-0.03,-0.71,1469,1,0.296,No Change/Decrease
1023,CIMB,CIMB GROUP HOLDINGS BERHAD,MAIN,Banking,20/3/2019,7.36,5.21,5.47,5.48,5.38,5.39,-0.08,-1.46,132730,3,-0.3818,No Change/Decrease
5819,HLBANK,HONG LEONG BANK BERHAD,MAIN,Banking,20/3/2019,21.66,17.56,20.62,20.86,20.62,20.8,0.04,0.19,16239,2,-0.7837,Increase
1082,HLFG,HONG LEONG FINANCIAL GROUP BERHAD,MAIN,Banking,20/3/2019,20.4,17.38,19.48,19.48,19.34,19.4,0.04,0.21,6156,1,-0.5719,Increase
1155,MAYBANK,MALAYAN BANKING BERHAD,MAIN,Banking,20/3/2019,11.08,8.68,9.47,9.5,9.44,9.47,-0.01,-0.11,41914,,,No Change/Decrease
1295,PBBANK,PUBLIC BANK BERHAD,MAIN,Banking,20/3/2019,26.16,22.34,24.42,24.48,24.42,24.46,-0.02,-0.08,54947,,,No Change/Decrease
1066,RHBBANK,RHB BANK BERHAD,MAIN,Banking,20/3/2019,5.94,4.99,5.8,5.85,5.75,5.77,-0.01,-0.17,77367,2,-0.3818,No Change/Decrease
2488,ABMB,ALLIANCE BANK MALAYSIA BERHAD,MAIN,Banking,21/3/2019,4.49,3.76,4.23,4.23,4.17,4.2,-0.02,-0.47,1707,,,No Change/Decrease
5185,AFFIN,AFFIN BANK BERHAD,MAIN,Banking,21/3/2019,2.63,2.18,2.25,2.25,2.24,2.24,-0.03,-1.32,816,4,-0.34,No Change/Decrease
1015,AMBANK,AMMB HOLDINGS BERHAD,MAIN,Banking,21/3/2019,4.64,3.4,4.62,4.62,4.44,4.47,-0.14,-3.04,26056,4,-0.6132,No Change/Decrease
5258,BIMB,BIMB HOLDINGS BERHAD,MAIN,Banking,21/3/2019,4.36,3.4,4.25,4.25,4.17,4.2,-0.02,-0.47,2451,,,No Change/Decrease
1023,CIMB,CIMB GROUP HOLDINGS BERHAD,MAIN,Banking,21/3/2019,7.36,5.21,5.4,5.46,5.31,5.33,-0.06,-1.11,168201,6,-0.0508,No Change/Decrease
5819,HLBANK,HONG LEONG BANK BERHAD,MAIN,Banking,21/3/2019,21.66,17.56,20.94,20.94,20.3,20.34,-0.46,-2.21,6568,6,0,No Change/Decrease
1082,HLFG,HONG LEONG FINANCIAL GROUP BERHAD,MAIN,Banking,21/3/2019,20.4,17.38,19.46,19.48,19.22,19.32,-0.08,-0.41,3893,1,-0.0772,No Change/Decrease
1155,MAYBANK,MALAYAN BANKING BERHAD,MAIN,Banking,21/3/2019,11.08,8.68,9.48,9.48,9.3,9.4,-0.07,-0.74,107877,2,0,No Change/Decrease
1295,PBBANK,PUBLIC BANK BERHAD,MAIN,Banking,21/3/2019,26.16,22.34,24.46,24.46,23.8,23.86,-0.6,-2.45,96513,5,-0.34,No Change/Decrease
1066,RHBBANK,RHB BANK BERHAD,MAIN,Banking,21/3/2019,5.94,4.99,5.79,5.83,5.7,5.72,-0.05,-0.87,65282,,,No Change/Decrease
2488,ABMB,ALLIANCE BANK MALAYSIA BERHAD,MAIN,Banking,22/3/2019,4.49,3.76,4.17,4.2,4.12,4.16,-0.04,-0.95,4815,1,0,No Change/Decrease
5185,AFFIN,AFFIN BANK BERHAD,MAIN,Banking,22/3/2019,2.63,2.18,2.24,2.25,2.24,2.24,0,0,732,4,0.0636,No Change/Decrease
1015,AMBANK,AMMB HOLDINGS BERHAD,MAIN,Banking,22/3/2019,4.64,3.4,4.49,4.58,4.49,4.52,0.05,1.12,36571,3,0,Increase
5258,BIMB,BIMB HOLDINGS BERHAD,MAIN,Banking,22/3/2019,4.36,3.4,4.2,4.2,4.12,4.19,-0.01,-0.24,513,,,No Change/Decrease
1023,CIMB,CIMB GROUP HOLDINGS BERHAD,MAIN,Banking,22/3/2019,7.36,5.21,5.38,5.38,5.31,5.33,0,0,102305,3,1.1994,No Change/Decrease
5819,HLBANK,HONG LEONG BANK BERHAD,MAIN,Banking,22/3/2019,21.66,17.56,20.76,20.76,20.1,20.4,0.06,0.29,7100,4,-0.4019,Increase
1082,HLFG,HONG LEONG FINANCIAL GROUP BERHAD,MAIN,Banking,22/3/2019,20.4,17.38,19.16,19.46,19.16,19.46,0.14,0.72,1075,,,Increase
1155,MAYBANK,MALAYAN BANKING BERHAD,MAIN,Banking,22/3/2019,11.08,8.68,9.43,9.44,9.26,9.29,-0.11,-1.17,96470,6,1.0058,No Change/Decrease
1295,PBBANK,PUBLIC BANK BERHAD,MAIN,Banking,22/3/2019,26.16,22.34,23.96,24.14,23.8,23.86,0,0,67330,4,-0.4019,No Change/Decrease
1066,RHBBANK,RHB BANK BERHAD,MAIN,Banking,22/3/2019,5.94,4.99,5.72,5.75,5.67,5.7,-0.02,-0.35,42790,1,0,No Change/Decrease
2488,ABMB,ALLIANCE BANK MALAYSIA BERHAD,MAIN,Banking,22/4/2019,4.49,3.76,3.99,4.01,3.97,4,0,0,3943,2,0.4939,No Change/Decrease
5185,AFFIN,AFFIN BANK BERHAD,MAIN,Banking,22/4/2019,2.63,2.14,2.18,2.18,2.16,2.17,-0.01,-0.46,402,2,0.34,No Change/Decrease
1015,AMBANK,AMMB HOLDINGS BERHAD,MAIN,Banking,22/4/2019,4.64,3.4,4.47,4.48,4.43,4.45,-0.02,-0.45,5586,,,No Change/Decrease
5258,BIMB,BIMB HOLDINGS BERHAD,MAIN,Banking,22/4/2019,4.64,3.4,4.52,4.57,4.52,4.54,0.01,0.22,18048,1,0,Increase
1023,CIMB,CIMB GROUP HOLDINGS BERHAD,MAIN,Banking,22/4/2019,7.34,5,5.09,5.2,5.09,5.17,0.1,1.97,149502,,,Increase
5819,HLBANK,HONG LEONG BANK BERHAD,MAIN,Banking,22/4/2019,21.66,17.56,20.1,20.1,19.98,20.04,-0.04,-0.2,1083,1,0.5267,No Change/Decrease
1082,HLFG,HONG LEONG FINANCIAL GROUP BERHAD,MAIN,Banking,22/4/2019,20.4,17.38,19.1,19.14,19.08,19.1,0.04,0.21,11772,,,Increase
1155,MAYBANK,MALAYAN BANKING BERHAD,MAIN,Banking,22/4/2019,11.08,8.68,9.1,9.19,9.1,9.15,0.06,0.66,65537,,,Increase
1295,PBBANK,PUBLIC BANK BERHAD,MAIN,Banking,22/4/2019,26.16,22.2,22.52,22.6,22.48,22.54,0.02,0.09,80832,2,0.34,Increase
1066,RHBBANK,RHB BANK BERHAD,MAIN,Banking,22/4/2019,5.94,5.05,5.85,5.88,5.76,5.76,-0.04,-0.69,51238,,,No Change/Decrease
2488,ABMB,ALLIANCE BANK MALAYSIA BERHAD,MAIN,Banking,23/4/2019,4.49,3.76,4,4.01,3.99,4,0,0,10833,1,0,No Change/Decrease
5185,AFFIN,AFFIN BANK BERHAD,MAIN,Banking,23/4/2019,2.63,2.14,2.18,2.18,2.16,2.16,-0.01,-0.46,502,2,0.636,No Change/Decrease
1015,AMBANK,AMMB HOLDINGS BERHAD,MAIN,Banking,23/4/2019,4.64,3.4,4.45,4.47,4.42,4.46,0.01,0.22,4587,,,Increase
5258,BIMB,BIMB HOLDINGS BERHAD,MAIN,Banking,23/4/2019,4.64,3.4,4.6,4.6,4.49,4.5,-0.04,-0.88,6882,1,0,No Change/Decrease
1023,CIMB,CIMB GROUP HOLDINGS BERHAD,MAIN,Banking,23/4/2019,7.34,5,5.18,5.22,5.16,5.17,0,0,118215,,,No Change/Decrease
5819,HLBANK,HONG LEONG BANK BERHAD,MAIN,Banking,23/4/2019,21.66,17.56,20,20.04,19.98,20.02,-0.02,-0.1,5234,,,No Change/Decrease
1082,HLFG,HONG LEONG FINANCIAL GROUP BERHAD,MAIN,Banking,23/4/2019,20.4,17.38,19.1,19.14,19.08,19.08,-0.02,-0.1,3560,,,No Change/Decrease
1155,MAYBANK,MALAYAN BANKING BERHAD,MAIN,Banking,23/4/2019,11.08,8.68,9.17,9.17,9.13,9.16,0.01,0.11,58629,,,Increase
1295,PBBANK,PUBLIC BANK BERHAD,MAIN,Banking,23/4/2019,26.16,22.2,22.6,22.62,22.54,22.6,0.06,0.27,51399,4,0.045,Increase
1066,RHBBANK,RHB BANK BERHAD,MAIN,Banking,23/4/2019,5.94,5.05,5.75,5.86,5.75,5.75,-0.01,-0.17,54649,,,No Change/Decrease
2488,ABMB,ALLIANCE BANK MALAYSIA BERHAD,MAIN,Banking,24/4/2019,4.49,3.76,4,4.04,3.99,4.02,0.02,0.5,10731,1,0,Increase
5185,AFFIN,AFFIN BANK BERHAD,MAIN,Banking,24/4/2019,2.63,2.14,2.19,2.2,2.18,2.18,0.02,0.93,1187,5,0.044,Increase
1015,AMBANK,AMMB HOLDINGS BERHAD,MAIN,Banking,24/4/2019,4.64,3.4,4.47,4.53,4.45,4.5,0.04,0.9,24324,1,-0.296,Increase
5258,BIMB,BIMB HOLDINGS BERHAD,MAIN,Banking,24/4/2019,4.7,3.4,4.51,4.7,4.51,4.6,0.1,2.22,13918,1,0.34,Increase
1023,CIMB,CIMB GROUP HOLDINGS BERHAD,MAIN,Banking,24/4/2019,7.28,5,5.21,5.29,5.21,5.25,0.08,1.55,209981,,,Increase
5819,HLBANK,HONG LEONG BANK BERHAD,MAIN,Banking,24/4/2019,21.66,17.56,20.04,20.08,19.98,20.02,0,0,8082,,,No Change/Decrease
1082,HLFG,HONG LEONG FINANCIAL GROUP BERHAD,MAIN,Banking,24/4/2019,20.4,17.38,19.08,19.34,19.08,19.22,0.14,0.73,2869,,,Increase
1155,MAYBANK,MALAYAN BANKING BERHAD,MAIN,Banking,24/4/2019,11.08,8.68,9.22,9.33,9.12,9.14,-0.02,-0.22,114239,5,1.9739,No Change/Decrease
1295,PBBANK,PUBLIC BANK BERHAD,MAIN,Banking,24/4/2019,26.16,22.2,22.7,22.82,22.6,22.64,0.04,0.18,65762,2,1.0308,Increase
1066,RHBBANK,RHB BANK BERHAD,MAIN,Banking,24/4/2019,5.94,5.05,5.85,5.86,5.77,5.79,0.04,0.7,39346,2,0.6908,Increase
2488,ABMB,ALLIANCE BANK MALAYSIA BERHAD,MAIN,Banking,25/3/2019,4.49,3.76,4.12,4.16,4.11,4.14,-0.02,-0.48,6723,1,-0.296,No Change/Decrease
5185,AFFIN,AFFIN BANK BERHAD,MAIN,Banking,25/3/2019,2.63,2.18,2.24,2.24,2.21,2.23,-0.01,-0.45,870,6,1.415,No Change/Decrease
1015,AMBANK,AMMB HOLDINGS BERHAD,MAIN,Banking,25/3/2019,4.64,3.4,4.46,4.55,4.46,4.5,-0.02,-0.44,18768,2,-0.1248,No Change/Decrease
5258,BIMB,BIMB HOLDINGS BERHAD,MAIN,Banking,25/3/2019,4.36,3.4,4.17,4.25,4.15,4.18,-0.01,-0.24,2220,1,0.2023,No Change/Decrease
1023,CIMB,CIMB GROUP HOLDINGS BERHAD,MAIN,Banking,25/3/2019,7.36,5.1,5.17,5.22,5.1,5.12,-0.09,-1.73,139373,,,No Change/Decrease
5819,HLBANK,HONG LEONG BANK BERHAD,MAIN,Banking,25/3/2019,21.66,17.56,20.46,20.46,20.12,20.3,-0.1,-0.49,9346,3,0.6042,No Change/Decrease
1082,HLFG,HONG LEONG FINANCIAL GROUP BERHAD,MAIN,Banking,25/3/2019,20.4,17.38,19.22,19.22,18.7,18.92,-0.54,-2.77,3070,2,0,No Change/Decrease
1155,MAYBANK,MALAYAN BANKING BERHAD,MAIN,Banking,25/3/2019,11.08,8.68,9.25,9.29,9.22,9.23,-0.06,-0.65,81786,,,No Change/Decrease
1295,PBBANK,PUBLIC BANK BERHAD,MAIN,Banking,25/3/2019,26.16,22.34,23.78,23.88,23.7,23.76,-0.1,-0.42,34901,,,No Change/Decrease
1066,RHBBANK,RHB BANK BERHAD,MAIN,Banking,25/3/2019,5.94,4.99,5.88,5.88,5.66,5.72,0.02,0.35,53237,3,0,Increase
2488,ABMB,ALLIANCE BANK MALAYSIA BERHAD,MAIN,Banking,25/4/2019,4.49,3.76,4.02,4.02,3.99,4.01,-0.01,-0.25,3449,,,No Change/Decrease
5185,AFFIN,AFFIN BANK BERHAD,MAIN,Banking,25/4/2019,2.63,2.14,2.2,2.2,2.17,2.18,0,0,1983,5,-0.4452,No Change/Decrease
1015,AMBANK,AMMB HOLDINGS BERHAD,MAIN,Banking,25/4/2019,4.64,3.4,4.45,4.49,4.43,4.45,-0.05,-1.11,19415,9,-0.4804,No Change/Decrease
5258,BIMB,BIMB HOLDINGS BERHAD,MAIN,Banking,25/4/2019,4.72,3.4,4.61,4.72,4.59,4.6,0,0,50162,1,0.0772,No Change/Decrease
1023,CIMB,CIMB GROUP HOLDINGS BERHAD,MAIN,Banking,25/4/2019,7.28,5,5.25,5.3,5.17,5.19,-0.06,-1.14,145407,3,1.0709,No Change/Decrease
5819,HLBANK,HONG LEONG BANK BERHAD,MAIN,Banking,25/4/2019,21.66,17.56,20.02,20.02,19.9,20,-0.02,-0.1,5053,2,-0.296,No Change/Decrease
1082,HLFG,HONG LEONG FINANCIAL GROUP BERHAD,MAIN,Banking,25/4/2019,20.4,17.38,19.28,19.28,19.08,19.24,0.02,0.1,2577,,,Increase
1155,MAYBANK,MALAYAN BANKING BERHAD,MAIN,Banking,25/4/2019,11.08,8.68,9.14,9.18,9.12,9.13,-0.01,-0.11,95451,5,-0.3637,No Change/Decrease
1295,PBBANK,PUBLIC BANK BERHAD,MAIN,Banking,25/4/2019,26.16,22.2,22.64,22.64,22.6,22.6,-0.04,-0.18,30054,2,0.1255,No Change/Decrease
1066,RHBBANK,RHB BANK BERHAD,MAIN,Banking,25/4/2019,5.94,5.05,5.81,5.89,5.78,5.8,0.01,0.17,44727,4,0.0858,Increase
2488,ABMB,ALLIANCE BANK MALAYSIA BERHAD,MAIN,Banking,26/3/2019,4.49,3.76,4.13,4.15,4.12,4.14,0,0,8212,,,No Change/Decrease
5185,AFFIN,AFFIN BANK BERHAD,MAIN,Banking,26/3/2019,2.63,2.18,2.23,2.23,2.22,2.23,0,0,671,2,-0.6344,No Change/Decrease
1015,AMBANK,AMMB HOLDINGS BERHAD,MAIN,Banking,26/3/2019,4.64,3.4,4.5,4.59,4.5,4.52,0.02,0.44,35283,2,0.2263,Increase
5258,BIMB,BIMB HOLDINGS BERHAD,MAIN,Banking,26/3/2019,4.36,3.4,4.15,4.25,4.15,4.21,0.03,0.72,860,1,0,Increase
1023,CIMB,CIMB GROUP HOLDINGS BERHAD,MAIN,Banking,26/3/2019,7.36,5.09,5.14,5.2,5.09,5.12,0,0,150747,,,No Change/Decrease
5819,HLBANK,HONG LEONG BANK BERHAD,MAIN,Banking,26/3/2019,21.66,17.56,20.3,20.48,20.2,20.3,0,0,13687,1,0,No Change/Decrease
1082,HLFG,HONG LEONG FINANCIAL GROUP BERHAD,MAIN,Banking,26/3/2019,20.4,17.38,18.96,19,18.92,18.96,0.04,0.21,1436,1,0,Increase
1155,MAYBANK,MALAYAN BANKING BERHAD,MAIN,Banking,26/3/2019,11.08,8.68,9.23,9.3,9.23,9.25,0.02,0.22,135495,4,1.3905,Increase
1295,PBBANK,PUBLIC BANK BERHAD,MAIN,Banking,26/3/2019,26.16,22.34,23.62,23.82,23.62,23.74,-0.02,-0.08,24415,,,No Change/Decrease
1066,RHBBANK,RHB BANK BERHAD,MAIN,Banking,26/3/2019,5.94,4.99,5.75,5.83,5.68,5.7,-0.02,-0.35,71788,2,0.34,No Change/Decrease
1023,CIMB,CIMB GROUP HOLDINGS BERHAD,MAIN,Banking,26/4/2019,7.28,5,5.2,5.24,5.18,5.19,0,0,65267,12,2.024,No Change/Decrease
1155,MAYBANK,MALAYAN BANKING BERHAD,MAIN,Banking,26/4/2019,11.08,8.68,9.14,9.19,9.13,9.14,0.01,0.11,88902,6,-1.1561,Increase
1295,PBBANK,PUBLIC BANK BERHAD,MAIN,Banking,26/4/2019,26.16,22.2,22.64,22.68,22.58,22.64,0.04,0.18,47038,4,-0.7949,Increase
1066,RHBBANK,RHB BANK BERHAD,MAIN,Banking,26/4/2019,5.94,5.05,5.81,5.91,5.81,5.91,0.11,1.9,37772,6,-0.4899,Increase
2488,ABMB,ALLIANCE BANK MALAYSIA BERHAD,MAIN,Banking,27/3/2019,4.49,3.76,4.14,4.16,4.07,4.07,-0.07,-1.69,4972,,,No Change/Decrease
5185,AFFIN,AFFIN BANK BERHAD,MAIN,Banking,27/3/2019,2.63,2.18,2.22,2.23,2.22,2.22,-0.01,-0.45,292,2,-1.0534,No Change/Decrease
1015,AMBANK,AMMB HOLDINGS BERHAD,MAIN,Banking,27/3/2019,4.64,3.4,4.53,4.58,4.5,4.53,0.01,0.22,55810,1,0,Increase
5258,BIMB,BIMB HOLDINGS BERHAD,MAIN,Banking,27/3/2019,4.36,3.4,4.21,4.24,4.2,4.21,0,0,8262,2,0.5431,No Change/Decrease
1023,CIMB,CIMB GROUP HOLDINGS BERHAD,MAIN,Banking,27/3/2019,7.36,5.04,5.13,5.15,5.04,5.07,-0.05,-0.98,172387,,,No Change/Decrease
5819,HLBANK,HONG LEONG BANK BERHAD,MAIN,Banking,27/3/2019,21.66,17.56,20.24,20.3,20.24,20.28,-0.02,-0.1,8968,2,-0.168,No Change/Decrease
1082,HLFG,HONG LEONG FINANCIAL GROUP BERHAD,MAIN,Banking,27/3/2019,20.4,17.38,18.9,19,18.84,18.98,0.02,0.11,8546,1,-0.4019,Increase
1155,MAYBANK,MALAYAN BANKING BERHAD,MAIN,Banking,27/3/2019,11.08,8.68,9.3,9.31,9.25,9.26,0.01,0.11,75389,2,0.4588,Increase
1295,PBBANK,PUBLIC BANK BERHAD,MAIN,Banking,27/3/2019,26.16,22.34,23.74,23.76,23.38,23.4,-0.34,-1.43,57750,,,No Change/Decrease
1066,RHBBANK,RHB BANK BERHAD,MAIN,Banking,27/3/2019,5.94,4.99,5.7,5.74,5.68,5.69,-0.01,-0.18,58120,,,No Change/Decrease
2488,ABMB,ALLIANCE BANK MALAYSIA BERHAD,MAIN,Banking,28/3/2019,4.49,3.76,4.08,4.08,4.01,4.04,-0.03,-0.74,11516,1,0.296,No Change/Decrease
5185,AFFIN,AFFIN BANK BERHAD,MAIN,Banking,28/3/2019,2.63,2.18,2.23,2.23,2.18,2.19,-0.03,-1.35,4207,1,0,No Change/Decrease
1015,AMBANK,AMMB HOLDINGS BERHAD,MAIN,Banking,28/3/2019,4.64,3.4,4.56,4.56,4.5,4.53,0,0,18777,1,0,No Change/Decrease
5258,BIMB,BIMB HOLDINGS BERHAD,MAIN,Banking,28/3/2019,4.36,3.4,4.22,4.32,4.22,4.25,0.04,0.95,6602,,,Increase
1023,CIMB,CIMB GROUP HOLDINGS BERHAD,MAIN,Banking,28/3/2019,7.36,5.04,5.07,5.14,5.07,5.11,0.04,0.79,123559,3,0.9817,Increase
5819,HLBANK,HONG LEONG BANK BERHAD,MAIN,Banking,28/3/2019,21.66,17.56,20.26,20.38,20.2,20.28,0,0,5772,,,No Change/Decrease
1082,HLFG,HONG LEONG FINANCIAL GROUP BERHAD,MAIN,Banking,28/3/2019,20.4,17.38,18.94,19.04,18.94,19,0.02,0.11,3650,,,Increase
1155,MAYBANK,MALAYAN BANKING BERHAD,MAIN,Banking,28/3/2019,11.08,8.68,9.26,9.3,9.25,9.26,0,0,107585,1,0,No Change/Decrease
1295,PBBANK,PUBLIC BANK BERHAD,MAIN,Banking,28/3/2019,26.16,22.34,23.4,23.42,23.2,23.28,-0.12,-0.51,72777,4,-1.4687,No Change/Decrease
1066,RHBBANK,RHB BANK BERHAD,MAIN,Banking,28/3/2019,5.94,4.99,5.72,5.75,5.66,5.69,0,0,28785,,,No Change/Decrease
2488,ABMB,ALLIANCE BANK MALAYSIA BERHAD,MAIN,Banking,29/3/2019,4.49,3.76,4.06,4.11,4.05,4.09,0.05,1.24,14050,1,0.34,Increase
5185,AFFIN,AFFIN BANK BERHAD,MAIN,Banking,29/3/2019,2.63,2.18,2.2,2.2,2.19,2.2,0.01,0.46,469,3,0.4588,Increase
1015,AMBANK,AMMB HOLDINGS BERHAD,MAIN,Banking,29/3/2019,4.64,3.4,4.53,4.57,4.5,4.56,0.03,0.66,46678,4,-0.8288,Increase
5258,BIMB,BIMB HOLDINGS BERHAD,MAIN,Banking,29/3/2019,4.36,3.4,4.25,4.32,4.24,4.31,0.06,1.41,9603,,,Increase
1023,CIMB,CIMB GROUP HOLDINGS BERHAD,MAIN,Banking,29/3/2019,7.36,5.04,5.13,5.19,5.11,5.15,0.04,0.78,124175,11,-0.0383,Increase
5819,HLBANK,HONG LEONG BANK BERHAD,MAIN,Banking,29/3/2019,21.66,17.56,20.4,20.4,20.14,20.3,0.02,0.1,12144,3,0.0218,Increase
1082,HLFG,HONG LEONG FINANCIAL GROUP BERHAD,MAIN,Banking,29/3/2019,20.4,17.38,19,19.34,19,19.18,0.18,0.95,4954,3,0.0218,Increase
1155,MAYBANK,MALAYAN BANKING BERHAD,MAIN,Banking,29/3/2019,11.08,8.68,9.28,9.29,9.23,9.27,0.01,0.11,123086,5,-0.0014,Increase
1295,PBBANK,PUBLIC BANK BERHAD,MAIN,Banking,29/3/2019,26.16,22.34,23.24,23.3,23.02,23.16,-0.12,-0.52,89717,7,-0.3997,No Change/Decrease
1066,RHBBANK,RHB BANK BERHAD,MAIN,Banking,29/3/2019,5.94,4.99,5.66,5.75,5.65,5.7,0.01,0.18,51954,1,-0.3182,Increase
